confidence_threshold,total_trades,closed_trades,win_rate,net_pnl,avg_hold_bars,max_drawdown,sharpe,final_amount
0.5,81,22,0.4090909090909091,-7.32843017578125,20.40909090909091,11.65869140625,-2.7223514364892387,9940.202702239998
0.55,6,1,0.0,-3.614959716796875,327.0,3.614959716796875,,9973.090846221925
0.6,6,1,0.0,-3.614959716796875,327.0,3.614959716796875,,9971.438316207887
0.65,6,1,0.0,-3.614959716796875,327.0,3.614959716796875,,9971.438316207887
