csv,rows,future_h,ret_threshold,final_amount,trades,trade_summary
py4at\data\AAPL_7d_1m.csv,2370,5,0.0002,9989.877698852537,47,"{'total_trades': 6, 'total_pnl': 9.946533203125, 'wins': 6, 'losses': 0, 'win_rate': 1.0, 'avg_pnl': 1.6577555338541667, 'max_drawdown': 0.0, 'avg_hold_bars': 79.66666666666667, 'long_stats': {'trades': 6, 'total_pnl': 9.946533203125, 'win_rate': 1.0, 'avg_pnl': 1.6577555338541667, 'wins': 6}, 'short_stats': {}, 'equity_curve': [10000, 10000.388580322266, 10002.95556640625, 10003.485565185547, 10004.366455078125, 10005.666534423828, 10009.946533203125]}"
